<?xml version="1.0" encoding="UTF-8"?>
<beans xmlns="http://www.springframework.org/schema/beans"
	xmlns:xsi="http://www.w3.org/2001/XMLSchema-instance"
	xsi:schemaLocation="http://www.springframework.org/schema/beans http://www.springframework.org/schema/beans/spring-beans.xsd">

<bean id="aadhar" class="project.Aadhar">
	<property name="aadharNo" value="20AG380BH"></property>
	<property name="fullname" value="Jayatri Ghosh"></property>
	<property name="address" ref="address"></property>
	<property name="DOB" value="23-08-1995"></property>
</bean>
<bean id="account" class="project.Account">
	<property name="aadarLinked" value="true"></property>
	<property name="aadharNoisActiveSate" ref="aadhar"></property>
	<property name="address" ref="address"></property>
	
</bean>
<bean id="address" class="project.Address">
	
	<property name="DNo" value="193"></property>
	<property name="statezip" value="700039"></property>
	
</bean>

</beans>
